{"murzymes": {"x": [-0.18569121007215697, -0.23793041936242107, -0.10314510941044093, -0.46346258218115677, -0.12796211888494527, -0.02879518893458692, -0.16556228922183475, 0.24690444192575706, 0.22226414868820027, 0.3183317742630316, 0.3975551406586672, -0.1696802713229695, -0.04896430362893112, 0.08416138494894637, -0.31961893108926354, -0.029284029260283322, -0.32585477593234224, -0.23246164481943862, -0.06493040305489794, -0.16472084784498434, -0.09161995238116502, 0.06182438020861056, 0.32353050617156087], "y": [0.19367151630593535, 0.2673023047723424, 0.2612304859011292, 0.1734028629567211, -0.19961598228769808, 0.15609065481260126, -0.2016705519074886, -0.018339522683674038, 0.05951782710280234, 0.05213097783561828, 0.07103634846905536, 0.030672654636987932, 0.3817401666631327, 0.1074795204333149, 0.3543742136250147, 0.005110364079666316, -0.04093493449198893, -0.17817847280823096, 0.02246689271184594, 0.2463206112140806, -0.09997556700141731, 0.17648648560847452, 0.3523238162537093]}, "non_murzymes": {"x": [0.1603685069310988, 0.2175934321451581, 0.28231702246061385, 0.010514119849805484, 0.06472256478647874, -0.00983758744711746, 0.40661846683265007, -0.3085619004527112, 0.17548735731429738, 0.2521155562344233, -0.15666782239009527, -0.030032338556600823, -0.036776499308359634, -0.1944595887733835, -0.0770117455262775, 0.18529944622289074, -0.21504760154267735, 0.1930906755896938, 0.26753348847426317, -0.27927962099618064, 0.11744975399774149, 0.12516472017098398, 0.09927861694371577], "y": [-0.08228419828993776, -0.020894915707988335, 0.02016786729048862, 0.2930765563373386, -0.11265214485956056, -0.06794504534195409, 0.01981360379363761, 0.11110687912987892, -0.04370734585350374, -0.03506505495044118, 0.09643974115701709, -0.041049498975440864, -0.05886357450114707, -0.08941611437748036, -0.2386867381245649, -0.09173800518709288, -0.2333937549931639, -0.02592805385776997, 0.00330040587572616, -0.2276812920682908, -0.09394730699634243, -0.08660668417683602, -0.036318049237246015]}}