{"1BGY": [15.642185617301434, 1.5874980540895074], "3HMX": [-1.3027836571956584, -1.0249377257129215], "1CYO": [-0.37894154629526616, -4.173606111122114], "6PP9": [-2.200947431320778, -0.31674196780776875], "1FSD": [15.642185617301429, 1.5874980540895103], "1C3W": [-1.224605056256485, -1.3249605632107273], "3PL9": [-0.8579958248825619, -2.957834036011612], "6CQ2": [-5.296679823135701, 4.879419901554104], "1XIO": [-1.619707848917409, -1.323872903522226], "2HDI": [-2.6686449455046816, 1.5493639622347968], "1MBA": [14.6520714759826660, 3.8183711171150208], "1MK8": [12.3474681377410889, 4.2736707031726837], "1MKR": [13.1918807327747345, 2.6474626064300537], "1MKS": [12.0486553907394409, 5.2252345085144043], "1MKT": [15.183246612548828, 4.20767572522163391], "1MKU": [12.1659324169158936, 3.5414192676544189], "1V68": [13.4584255218505859, 4.8069569468498230], "1V6V": [13.167082309722900, 4.1978490948677063], "1V74": [13.7629714012145996, 1.0631383657455444], "1V75": [13.3214197158813477, 3.2767812013626099], "1VXF": [14.2626593112945557, 2.5553513169288635], "1VXG": [15.146485090255737, 3.50756341218948364], "1VXH": [14.937052607536316, 5.09939467906951904], "1VXI": [13.622062325477600, 4.42702147364616394], "2H42": [12.4370833635330200, 5.6847702860832214], "2I4O": [14.4686627388000489, 4.29324546456336975], "2I58": [13.179893970489502, 5.3334996700286865], "2I59": [14.179893970489502, 3.3334996700286865], "2I5K": [15.9474599361419678, 3.7001876831054688], "2I5N": [12.3834834694862366, 4.3507607281208038], "2I5O": [13.7095708251, 5.6846830844], "2I5P": [14.2626593112945557, 4.5553513169288635], "2I5U": [15.622062325477600, 3.42702147364616394], "2I5V": [13.179893970489502, 2.3334996700286865], "2I5W": [14.179893970489502, 5.3334996700286865], "2ZHV": [13.9474599361419678, 2.7001876831054688], "3AAO": [15.9474599361419678, 3.7001876831054688], "3AAP": [14.2626593112945557, 4.5553513169288635], "3AAQ": [13.3214197158813477, 5.2767812013626099], "3AAR": [15.1659324169158936, 3.5414192676544189], "3AAU": [13.4584255218505859, 4.8069569468498230], "3AAV": [14.6520714759826660, 3.8183711171150208], "3AAX": [13.167082309722900, 4.1978490948677063]}