{"1BGY": [-0.18191117023862047, 0.8158668102521427], "3HMX": [-0.27445205609032075, 1.7771878421087082], "1CYO": [4.7244419207352495, 1.7104401137797192], "6PP9": [0.5280435761558729, -2.0835707713433544], "1FSD": [13.586349108052591, -0.7581303164985507], "1C3W": [-9.57339440200643, -3.362526800459075], "3PL9": [-3.2613627161655927, -0.9284895820277304], "6CQ2": [1.290335355450743, 3.4407814647884534], "1XIO": [-8.205072014967012, -5.789415977603099], "2HDI": [2.8119853957826177, 7.032254693621626], "1MBA": [1.6520714759826660, 0.8183711171150208], "1MK8": [0.3474681377410889, 1.2736707031726837], "1MKR": [0.1918807327747345, 0.6474626064300537], "1MKS": [0.0486553907394409, 1.2252345085144043], "1MKT": [2.183246612548828, 0.20767572522163391], "1MKU": [0.1659324169158936, 0.5414192676544189], "1V68": [0.4584255218505859, 1.8069569468498230], "1V6V": [0.167082309722900, 1.1978490948677063], "1V74": [0.7629714012145996, 0.0631383657455444], "1V75": [0.3214197158813477, 0.2767812013626099], "1VXF": [1.2626593112945557, 0.5553513169288635], "1VXG": [2.146485090255737, 0.50756341218948364], "1VXH": [1.937052607536316, 1.09939467906951904], "1VXI": [0.622062325477600, 1.42702147364616394], "2H42": [0.4370833635330200, 2.6847702860832214], "2I4O": [1.4686627388000489, 1.29324546456336975], "2I58": [0.179893970489502, 2.3334996700286865], "2I59": [1.179893970489502, 0.3334996700286865], "2I5K": [2.9474599361419678, 0.7001876831054688], "2I5N": [0.3834834694862366, 1.3507607281208038], "2I5O": [0.7095708251, 2.6846830844], "2I5P": [1.2626593112945557, 1.5553513169288635], "2I5U": [2.622062325477600, 0.42702147364616394], "2I5V": [0.179893970489502, 0.3334996700286865], "2I5W": [1.179893970489502, 2.3334996700286865], "2ZHV": [0.9474599361419678, 0.7001876831054688], "3AAO": [2.9474599361419678, 0.7001876831054688], "3AAP": [1.2626593112945557, 1.5553513169288635], "3AAQ": [0.3214197158813477, 2.2767812013626099], "3AAR": [2.1659324169158936, 0.5414192676544189], "3AAU": [0.4584255218505859, 1.8069569468498230], "3AAV": [1.6520714759826660, 0.8183711171150208], "3AAX": [0.167082309722900, 1.1978490948677063]}