{"1BGY": [0.3596991627384157, 0.9764499761004645], "3HMX": [-1.628166770882476, -0.1390706634608852], "1CYO": [0.7321242810264281, -1.4550677548200768], "6PP9": [0.2655943912245764, -1.3292542511412557], "1FSD": [1.7775399284214253, -2.1327829588371694], "1C3W": [-1.7549082428842404, 1.0283054691747275], "3PL9": [0.4859462483318834, -0.15631978722448853], "6CQ2": [0.7710868542095326, 1.3931171541552916], "1XIO": [-1.4141006050069296, -0.7683267077028916], "2HDI": [-0.8855221841677304, 2.252635366073962], "1MBA": [0.6520714759826660, 0.8183711171150208], "1MK8": [1.3474681377410889, 0.2736707031726837], "1MKR": [0.1918807327747345, 2.6474626064300537], "1MKS": [1.0486553907394409, 1.2252345085144043], "1MKT": [2.183246612548828, 0.20767572522163391], "1MKU": [1.1659324169158936, -1.5414192676544189], "1V68": [1.4584255218505859, 0.48069569468498230], "1V6V": [1.167082309722900, 0.1978490948677063], "1V74": [0.7629714012145996, 1.0631383657455444], "1V75": [1.3214197158813477, -0.2767812013626099], "1VXF": [0.2626593112945557, 0.5553513169288635], "1VXG": [1.146485090255737, 0.50756341218948364], "1VXH": [0.937052607536316, 0.09939467906951904], "1VXI": [0.622062325477600, 0.42702147364616394], "2H42": [0.4370833635330200, 0.6847702860832214], "2I4O": [1.4686627388000489, 0.29324546456336975], "2I58": [1.179893970489502, -0.3334996700286865], "2I59": [1.179893970489502, -0.3334996700286865], "2I5K": [0.9474599361419678, -0.7001876831054688], "2I5N": [0.3834834694862366, 0.3507607281208038], "2I5O": [0.7095708251, 0.6846830844], "2I5P": [0.2626593112945557, 0.5553513169288635], "2I5U": [0.622062325477600, 0.42702147364616394], "2I5V": [1.179893970489502, -0.3334996700286865], "2I5W": [1.179893970489502, -0.3334996700286865], "2ZHV": [0.9474599361419678, -0.7001876831054688], "3AAO": [0.9474599361419678, -0.7001876831054688], "3AAP": [0.2626593112945557, 0.5553513169288635], "3AAQ": [1.3214197158813477, -0.2767812013626099], "3AAR": [1.1659324169158936, -1.5414192676544189], "3AAU": [1.4584255218505859, 0.48069569468498230], "3AAV": [0.6520714759826660, 0.8183711171150208], "3AAX": [1.167082309722900, 0.1978490948677063]}