{"1BGY": [-0.5378475084500389, -0.4570077564994269], "3HMX": [-1.9866217698092714, -0.22342203994401894], "1CYO": [2.6462190243195445, 1.4427289178029692], "6PP9": [-1.1337427419881123, 0.44660963871140186], "1FSD": [9.183453352606803, 35.49559424308295], "1C3W": [0.31024462585586104, -1.6304005638950467], "3PL9": [0.21205899091022512, 0.17104588563759718], "6CQ2": [-0.12503881064060324, 0.204324108623457], "1XIO": [-2.3036525734798516, 0.2524497017028429], "2HDI": [-1.8193382517194366, -0.5979731744855352], "1MBA": [-5.256642341613770, 1.6474626064300537], "1MK8": [-4.474599361419678, 0.7001876831054688], "1MKR": [-3.834834694862366, 0.5507607281208038], "1MKS": [-6.095708251, 0.8846830844], "1MKT": [-3.6626593112945557, 0.9553513169288635], "1MKU": [-5.622062325477600, 1.42702147364616394], "1V68": [-6.179893970489502, 1.8334996700286865], "1V6V": [-6.179893970489502, 1.3334996700286865], "1V74": [-3.9474599361419678, 1.0001876831054688], "1V75": [-4.3834834694862366, 1.3507607281208038], "1VXF": [-5.095708251, 0.6846830844], "1VXG": [-4.2626593112945557, 1.0553513169288635], "1VXH": [-3.622062325477600, 1.8702147364616394], "1VXI": [-5.179893970489502, 1.0334996700286865], "2H42": [-5.179893970489502, 1.6334996700286865], "2I4O": [-4.9474599361419678, 0.6001876831054688], "2I58": [-3.3834834694862366, 1.3507607281208038], "2I59": [-5.095708251, 1.9846830844], "2I5K": [-4.2626593112945557, 1.8553513169288635], "2I5N": [-4.622062325477600, 0.92702147364616394], "2I5O": [-5.179893970489502, 1.0334996700286865], "2I5P": [-2.179893970489502, 1.6334996700286865], "2I5U": [-3.9474599361419678, 1.3001876831054688], "2I5V": [-4.3834834694862366, 1.3507607281208038], "2I5W": [-3.095708251, 1.8846830844], "2ZHV": [-4.2626593112945557, 1.0553513169288635], "3AAO": [-5.622062325477600, 0.42702147364616394], "3AAP": [-5.179893970489502, 0.9334996700286865], "3AAQ": [-5.179893970489502, 1.8334996700286865], "3AAR": [-4.9474599361419678, 0.7001876831054688], "3AAU": [-4.3834834694862366, 0.8507607281208038], "3AAV": [-6.095708251, 0.6846830844], "3AAX": [-4.2626593112945557, 0.8553513169288635]}