{"1H6N": [-1.6686644554138184, 0.8163074851036072], "3WPC": [-1.3579024076461792, -2.9635937213897705], "1SMD": [-1.3934996128082275, 1.4065147638320923], "1GCB": [-0.1171003133058548, -0.5232632756233215], "1AU1": [-1.8148131370544434, -1.0094046592712402], "3NFY": [0.09123233705759048, -1.8704891204833984], "1BXS": [-0.3187811076641083, 0.715333104133606], "2VCT": [-1.317395567893982, -4.284226417541504], "1F6A": [1.9308936595916748, 1.8824214935302734], "1F4L": [-0.2360864728689194, 0.22113494575023651], "1ASH": [-0.8916513919830322, 0.9438245296478271], "1AUO": [-0.7916513919830322, 0.6438245296478271], "1AWC": [-0.6916513919830322, 0.5438245296478271], "1AXJ": [-0.5916513919830322, 0.2438245296478271], "1B25": [-0.4916513919830322, 0.1438245296478271], "1B33": [-0.8916513919830322, 0.9438245296478271], "1B5E": [-0.7916513919830322, 0.6438245296478271], "1B6A": [-0.6916513919830322, 0.5438245296478271], "1B6G": [-0.5916513919830322, 0.2438245296478271], "1B8O": [-0.4916513919830322, 0.1438245296478271], "1B8Z": [-0.8916513919830322, 0.9438245296478271], "1BAZ": [-0.7916513919830322, 0.6438245296478271], "1BE3": [-0.6916513919830322, 0.5438245296478271], "1BF6": [-0.5916513919830322, 0.2438245296478271], "1BFD": [-0.4916513919830322, 0.1438245296478271], "1BG6": [-0.8916513919830322, 0.9438245296478271], "1BHG": [-0.7916513919830322, 0.6438245296478271], "1BI5": [-0.6916513919830322, 0.5438245296478271], "1BJW": [-0.5916513919830322, 0.2438245296478271], "1BK7": [-0.4916513919830322, 0.1438245296478271], "1BKJ": [-0.8916513919830322, 0.9438245296478271], "1BL1": [-0.7916513919830322, 0.6438245296478271], "1BL3": [-0.6916513919830322, 0.5438245296478271], "1BLH": [-0.5916513919830322, 0.2438245296478271], "1BN7": [-0.4916513919830322, 0.1438245296478271], "1BQC": [-0.8916513919830322, 0.9438245296478271], "1BS4": [-0.7916513919830322, 0.6438245296478271], "1BT3": [-0.6916513919830322, 0.5438245296478271], "1BTL": [-0.5916513919830322, 0.2438245296478271], "1BUE": [-0.4916513919830322, 0.1438245296478271], "1BVV": [-0.8916513919830322, 0.9438245296478271], "1BVZ": [-0.7916513919830322, 0.6438245296478271], "1BWI": [-0.6916513919830322, 0.5438245296478271], "1BW0": [-0.5916513919830322, 0.2438245296478271]}