{"1H6N": [-79.34778594970703, -102.31827545166016], "3WPC": [-69.20919036865234, -188.18133544921875], "1SMD": [-90.98444366455078, -87.51467895507812], "1GCB": [-49.11758041381836, -106.96036529541016], "1AU1": [8.453731536865234, 57.99369812011719], "3NFY": [-69.38551330566406, 52.069095611572266], "1BXS": [-60.43619155883789, -111.90728759765625], "2VCT": [-15.696355819702148, 29.860536575317383], "1F6A": [27.47248649597168, 33.68009948730469], "1F4L": [-71.87252807617188, -120.08760833740234], "1ASH": [-69.34778594970703, 102.31827545166016], "1AUO": [-59.20919036865234, 188.18133544921875], "1AWC": [-80.98444366455078, 87.51467895507812], "1AXJ": [-39.11758041381836, 106.96036529541016], "1B25": [18.453731536865234, 47.99369812011719], "1B33": [-59.38551330566406, 42.069095611572266], "1B5E": [-50.43619155883789, 111.90728759765625], "1B6A": [-5.696355819702148, 19.860536575317383], "1B6G": [37.47248649597168, 23.68009948730469], "1B8O": [-61.87252807617188, 110.08760833740234], "1BAZ": [-89.34778594970703, 92.31827545166016], "1BE3": [-69.20919036865234, 178.18133544921875], "1BF6": [-70.98444366455078, 77.51467895507812], "1BFD": [-29.11758041381836, 96.96036529541016], "1BG6": [28.453731536865234, 37.99369812011719], "1BHG": [-49.38551330566406, 32.069095611572266], "1BI5": [-40.43619155883789, 101.90728759765625], "1BJW": [-25.696355819702148, 59.860536575317383], "1BK7": [17.47248649597168, 43.68009948730469], "1BKJ": [-51.87252807617188, 120.08760833740234], "1BL1": [-79.34778594970703, 102.31827545166016], "1BL3": [-59.20919036865234, 188.18133544921875], "1BLH": [-80.98444366455078, 87.51467895507812], "1BN7": [-39.11758041381836, 106.96036529541016], "1BQC": [18.453731536865234, 47.99369812011719], "1BS4": [-59.38551330566406, 42.069095611572266], "1BT3": [-50.43619155883789, 111.90728759765625], "1BTL": [-5.696355819702148, 19.860536575317383], "1BUE": [37.47248649597168, 23.68009948730469], "1BVV": [-61.87252807617188, 110.08760833740234], "1BVZ": [-89.34778594970703, 92.31827545166016], "1BWI": [-69.20919036865234, 178.18133544921875], "1BW0": [-70.98444366455078, 77.51467895507812]}