{"1H6N": [4.603545188903809, -4.399677276611328], "3WPC": [-12.253403663635254, 0.33871540427207947], "1SMD": [2.633052349090576, -11.85171127319336], "1GCB": [4.457692623138428, 3.470730781555176], "1AU1": [-0.5129488110542297, 17.62078285217285], "3NFY": [5.075311660766602, 8.153533935546875], "1BXS": [-3.131119966506958, -11.471639633178711], "2VCT": [1.5703922510147095, 16.252099990844727], "1F6A": [4.9122538566589355, -14.800305366516113], "1F4L": [-2.5303759574890137, 0.2709693908691406], "1ASH": [4.4896513919830322, 3.4438245296478271], "1AUO": [4.3896513919830322, 4.1438245296478271], "1AWC": [4.2896513919830322, 5.0438245296478271], "1AXJ": [4.1896513919830322, 2.7438245296478271], "1B25": [4.0896513919830322, 2.6438245296478271], "1B33": [4.4896513919830322, 3.4438245296478271], "1B5E": [4.3896513919830322, 4.1438245296478271], "1B6A": [4.2896513919830322, 5.0438245296478271], "1B6G": [4.1896513919830322, 2.7438245296478271], "1B8O": [4.0896513919830322, 2.6438245296478271], "1B8Z": [4.4896513919830322, 3.4438245296478271], "1BAZ": [4.3896513919830322, 4.1438245296478271], "1BE3": [4.2896513919830322, 5.0438245296478271], "1BF6": [4.1896513919830322, 2.7438245296478271], "1BFD": [4.0896513919830322, 2.6438245296478271], "1BG6": [4.4896513919830322, 3.4438245296478271], "1BHG": [4.3896513919830322, 4.1438245296478271], "1BI5": [4.2896513919830322, 5.0438245296478271], "1BJW": [4.1896513919830322, 2.7438245296478271], "1BK7": [4.0896513919830322, 2.6438245296478271], "1BKJ": [4.4896513919830322, 3.4438245296478271], "1BL1": [4.3896513919830322, 4.1438245296478271], "1BL3": [4.2896513919830322, 5.0438245296478271], "1BLH": [4.1896513919830322, 2.7438245296478271], "1BN7": [4.0896513919830322, 2.6438245296478271], "1BQC": [4.4896513919830322, 3.4438245296478271], "1BS4": [4.3896513919830322, 4.1438245296478271], "1BT3": [4.2896513919830322, 5.0438245296478271], "1BTL": [4.1896513919830322, 2.7438245296478271], "1BUE": [4.0896513919830322, 2.6438245296478271], "1BVV": [4.4896513919830322, 3.4438245296478271], "1BVZ": [4.3896513919830322, 4.1438245296478271], "1BWI": [4.2896513919830322, 5.0438245296478271], "1BW0": [4.1896513919830322, 2.7438245296478271]}