{"1H6N": [-8.722914695739746, 8.244546890258789], "3WPC": [-14.292205810546875, 1.9010027647018433], "1SMD": [-9.47553825378418, -4.581234931945801], "1GCB": [-6.889779567718506, -0.6496315598487854], "1AU1": [-9.024642944335938, 4.245770454406738], "3NFY": [3.4933462142944336, 8.709686279296875], "1BXS": [-1.3147680759429932, -2.149676561355591], "2VCT": [0.6403892040252686, 10.874978065490723], "1F6A": [-3.208333969116211, -11.4522066116333], "1F4L": [-3.493664503097534, 3.973920822143555], "1ASH": [-3.89664053916931, -0.7614790797233582], "1AUO": [-3.9095191955566406, 0.2964687943458557], "1AWC": [-3.28799557685852, -2.5240428447723389], "1AXJ": [-2.6968524456024170, -1.6144866943359375], "1B25": [-5.2031283378601074, -0.6979475617408752], "1B33": [-3.5850257873535156, -0.42309093475341797], "1B5E": [-3.2493357658386230, 0.19337710738182068], "1B6A": [-4.5166826248168945, -1.9193313121795654], "1B6G": [-3.8564357757568359, -1.3082088232040405], "1B8O": [-3.0847442150115967, 0.07090575993061066], "1B8Z": [-3.5329289436340332, -0.47999286651611328], "1BAZ": [-2.9494960308074951, -2.1255602836608887], "1BE3": [-1.9444580078125000, -0.5732694864273071], "1BF6": [-4.3651347160339355, -1.5246980190277100], "1BFD": [-4.6201353073120117, -0.6624131202697754], "1BG6": [-2.6582043170928955, -2.2839159965515137], "1BHG": [-3.6902201175689697, -1.1254684925079346], "1BI5": [-3.2698776721954346, -1.7618498802185059], "1BJW": [-4.6025161743164062, -0.6824374198913574], "1BK7": [-3.0342280864715576, -2.5650014877319336], "1BKJ": [-3.3599185943603516, -1.93731689453125], "1BL1": [-3.7456026077270508, -1.4918348789215088], "1BL3": [-4.1724762916564941, -1.4889106750488281], "1BLH": [-2.9064691066741943, -2.0613632202148438], "1BN7": [-3.6063942909240723, -2.0020809173583984], "1BQC": [-3.3271279335021973, -2.028177261352539], "1BS4": [-3.4642469882965088, -0.5608801245689392], "1BT3": [-3.6063942909240723, -2.0020809173583984], "1BTL": [-3.3095722198486328, -1.1749815940856934], "1BUE": [-3.4642469882965088, -0.5608801245689392], "1BVV": [-3.6063942909240723, -2.0020809173583984], "1BVZ": [-3.4642469882965088, -0.5608801245689392], "1BWI": [-2.9064691066741943, -2.0613632202148438], "1BW0": [-4.1724762916564941, -1.4889106750488281]}