{"1H6N": [0.5788655738352299, 0.2606076017563446], "3WPC": [-0.9346438843894526, -1.1428523679147908], "1SMD": [-1.1902761420350023, -0.36319382450545257], "1GCB": [0.1609482459642182, -1.097616305807568], "1AU1": [1.606789088755608, -2.6520415154972303], "3NFY": [1.297606965612039, 0.09725155508866709], "1BXS": [-0.43732783603753395, 0.333378722242335], "2VCT": [2.26603262794788, -0.30837533318168586], "1F6A": [-1.438484005672465, 0.008596822802825942], "1F4L": [0.4286258499624492, -0.7881030557992833], "1ASH": [-0.8916513919830322, 0.9438245296478271], "1AUO": [-0.7916513919830322, 0.6438245296478271], "1AWC": [-0.6916513919830322, 0.5438245296478271], "1AXJ": [-0.5916513919830322, 0.2438245296478271], "1B25": [-0.4916513919830322, 0.1438245296478271], "1B33": [-0.8916513919830322, 0.9438245296478271], "1B5E": [-0.7916513919830322, 0.6438245296478271], "1B6A": [-0.6916513919830322, 0.5438245296478271], "1B6G": [-0.5916513919830322, 0.2438245296478271], "1B8O": [-0.4916513919830322, 0.1438245296478271], "1B8Z": [-0.8916513919830322, 0.9438245296478271], "1BAZ": [-0.7916513919830322, 0.6438245296478271], "1BE3": [-0.6916513919830322, 0.5438245296478271], "1BF6": [-0.5916513919830322, 0.2438245296478271], "1BFD": [-0.4916513919830322, 0.1438245296478271], "1BG6": [-0.8916513919830322, 0.9438245296478271], "1BHG": [-0.7916513919830322, 0.6438245296478271], "1BI5": [-0.6916513919830322, 0.5438245296478271], "1BJW": [-0.5916513919830322, 0.2438245296478271], "1BK7": [-0.4916513919830322, 0.1438245296478271], "1BKJ": [-0.8916513919830322, 0.9438245296478271], "1BL1": [-0.7916513919830322, 0.6438245296478271], "1BL3": [-0.6916513919830322, 0.5438245296478271], "1BLH": [-0.5916513919830322, 0.2438245296478271], "1BN7": [-0.4916513919830322, 0.1438245296478271], "1BQC": [-0.8916513919830322, 0.9438245296478271], "1BS4": [-0.7916513919830322, 0.6438245296478271], "1BT3": [-0.6916513919830322, 0.5438245296478271], "1BTL": [-0.5916513919830322, 0.2438245296478271], "1BUE": [-0.4916513919830322, 0.1438245296478271], "1BVV": [-0.8916513919830322, 0.9438245296478271], "1BVZ": [-0.7916513919830322, 0.6438245296478271], "1BWI": [-0.6916513919830322, 0.5438245296478271], "1BW0": [-0.5916513919830322, 0.2438245296478271]}