{"1H6N": [1.0242731875729862, -2.2942299866336278], "3WPC": [-2.167902710242466, 3.233482515308774], "1SMD": [-1.819494826167411, -1.557359047602434], "1GCB": [1.173288328436621, -0.23681870554162765], "1AU1": [4.163659357822452, 3.4757924229831993], "3NFY": [2.7483134728170686, 0.6808270125734305], "1BXS": [-1.2954550400852283, -0.1529356465827265], "2VCT": [3.8325866424462802, 1.7564919801384051], "1F6A": [-1.1685075203536872, -2.8338615734479244], "1F4L": [0.4202620336938909, 0.9583598803607822], "1ASH": [1.4896513919830322, -2.4438245296478271], "1AUO": [1.3896513919830322, -2.1438245296478271], "1AWC": [1.2896513919830322, -2.0438245296478271], "1AXJ": [1.1896513919830322, -2.7438245296478271], "1B25": [1.0896513919830322, -2.6438245296478271], "1B33": [1.4896513919830322, -2.4438245296478271], "1B5E": [1.3896513919830322, -2.1438245296478271], "1B6A": [1.2896513919830322, -2.0438245296478271], "1B6G": [1.1896513919830322, -2.7438245296478271], "1B8O": [1.0896513919830322, -2.6438245296478271], "1B8Z": [1.4896513919830322, -2.4438245296478271], "1BAZ": [1.3896513919830322, -2.1438245296478271], "1BE3": [1.2896513919830322, -2.0438245296478271], "1BF6": [1.1896513919830322, -2.7438245296478271], "1BFD": [1.0896513919830322, -2.6438245296478271], "1BG6": [1.4896513919830322, -2.4438245296478271], "1BHG": [1.3896513919830322, -2.1438245296478271], "1BI5": [1.2896513919830322, -2.0438245296478271], "1BJW": [1.1896513919830322, -2.7438245296478271], "1BK7": [1.0896513919830322, -2.6438245296478271], "1BKJ": [1.4896513919830322, -2.4438245296478271], "1BL1": [1.3896513919830322, -2.1438245296478271], "1BL3": [1.2896513919830322, -2.0438245296478271], "1BLH": [1.1896513919830322, -2.7438245296478271], "1BN7": [1.0896513919830322, -2.6438245296478271], "1BQC": [1.4896513919830322, -2.4438245296478271], "1BS4": [1.3896513919830322, -2.1438245296478271], "1BT3": [1.2896513919830322, -2.0438245296478271], "1BTL": [1.1896513919830322, -2.7438245296478271], "1BUE": [1.0896513919830322, -2.6438245296478271], "1BVV": [1.4896513919830322, -2.4438245296478271], "1BVZ": [1.3896513919830322, -2.1438245296478271], "1BWI": [1.2896513919830322, -2.0438245296478271], "1BW0": [1.1896513919830322, -2.7438245296478271]}