{"1H6N": [-3.942799315358797, 2.8344742636799394], "3WPC": [-6.218847559759529, 9.59271608290057], "1SMD": [-4.173784292086614, 3.254391191900228], "1GCB": [-3.5943732895727534, 2.927072267414965], "1AU1": [-1.1943973713026552, -2.52225664665456], "3NFY": [-1.8836023265716915, -1.257683791436161], "1BXS": [-3.841635346501433, 3.485971486593922], "2VCT": [-1.5155298285317573, -1.7884652458009553], "1F6A": [-1.3662763959066861, -1.6682934221369443], "1F4L": [-4.570759718479124, 4.38035078342315], "1ASH": [-2.942799315358797, 1.8344742636799394], "1AUO": [-3.218847559759529, 2.59271608290057], "1AWC": [-2.173784292086614, 1.254391191900228], "1AXJ": [-2.5943732895727534, 2.927072267414965], "1B25": [-2.1943973713026552, -2.52225664665456], "1B33": [-2.8836023265716915, -1.257683791436161], "1B5E": [-2.841635346501433, 3.485971486593922], "1B6A": [-2.5155298285317573, -1.7884652458009553], "1B6G": [-2.3662763959066861, -1.6682934221369443], "1B8O": [-2.570759718479124, 4.38035078342315], "1BAZ": [-3.942799315358797, 2.8344742636799394], "1BE3": [-3.218847559759529, 2.59271608290057], "1BF6": [-2.173784292086614, 1.254391191900228], "1BFD": [-2.5943732895727534, 2.927072267414965], "1BG6": [-2.1943973713026552, -2.52225664665456], "1BHG": [-2.8836023265716915, -1.257683791436161], "1BI5": [-2.841635346501433, 3.485971486593922], "1BJW": [-2.5155298285317573, -1.7884652458009553], "1BK7": [-2.3662763959066861, -1.6682934221369443], "1BKJ": [-2.570759718479124, 4.38035078342315], "1BL1": [-3.942799315358797, 2.8344742636799394], "1BL3": [-3.218847559759529, 2.59271608290057], "1BLH": [-2.173784292086614, 1.254391191900228], "1BN7": [-2.5943732895727534, 2.927072267414965], "1BQC": [-2.1943973713026552, -2.52225664665456], "1BS4": [-2.8836023265716915, -1.257683791436161], "1BT3": [-2.841635346501433, 3.485971486593922], "1BTL": [-2.5155298285317573, -1.7884652458009553], "1BUE": [-2.3662763959066861, -1.6682934221369443], "1BVV": [-2.570759718479124, 4.38035078342315], "1BVZ": [-3.942799315358797, 2.8344742636799394], "1BWI": [-3.218847559759529, 2.59271608290057], "1BW0": [-2.173784292086614, 1.254391191900228]}