{"1H6N": [-1.449035814794203, 0.21906590417033928], "3WPC": [0.8199937463135836, -0.6773732283928338], "1SMD": [-0.5128540134140518, -3.4990646103002843], "1GCB": [-0.5653112926106767, 1.0378448425421953], "1AU1": [0.4420163095067579, 2.6779497283569746], "3NFY": [-0.34169013842384927, 2.601474152497757], "1BXS": [-0.40841211131722105, -0.5963949079221548], "2VCT": [-0.7177290952880977, 4.163190757066244], "1F6A": [-0.4324198684469052, -2.3985216542268812], "1F4L": [-0.3616117053023748, 0.5193337203618845], "1ASH": [-0.8916513919830322, 0.9438245296478271], "1AUO": [-0.7916513919830322, 0.6438245296478271], "1AWC": [-0.6916513919830322, 0.5438245296478271], "1AXJ": [-0.5916513919830322, 0.2438245296478271], "1B25": [-0.4916513919830322, 0.1438245296478271], "1B33": [-0.8916513919830322, 0.9438245296478271], "1B5E": [-0.7916513919830322, 0.6438245296478271], "1B6A": [-0.6916513919830322, 0.5438245296478271], "1B6G": [-0.5916513919830322, 0.2438245296478271], "1B8O": [-0.4916513919830322, 0.1438245296478271], "1B8Z": [-0.8916513919830322, 0.9438245296478271], "1BAZ": [-0.7916513919830322, 0.6438245296478271], "1BE3": [-0.6916513919830322, 0.5438245296478271], "1BF6": [-0.5916513919830322, 0.2438245296478271], "1BFD": [-0.4916513919830322, 0.1438245296478271], "1BG6": [-0.8916513919830322, 0.9438245296478271], "1BHG": [-0.7916513919830322, 0.6438245296478271], "1BI5": [-0.6916513919830322, 0.5438245296478271], "1BJW": [-0.5916513919830322, 0.2438245296478271], "1BK7": [-0.4916513919830322, 0.1438245296478271], "1BKJ": [-0.8916513919830322, 0.9438245296478271], "1BL1": [-0.7916513919830322, 0.6438245296478271], "1BL3": [-0.6916513919830322, 0.5438245296478271], "1BLH": [-0.5916513919830322, 0.2438245296478271], "1BN7": [-0.4916513919830322, 0.1438245296478271], "1BQC": [-0.8916513919830322, 0.9438245296478271], "1BS4": [-0.7916513919830322, 0.6438245296478271], "1BT3": [-0.6916513919830322, 0.5438245296478271], "1BTL": [-0.5916513919830322, 0.2438245296478271], "1BUE": [-0.4916513919830322, 0.1438245296478271], "1BVV": [-0.8916513919830322, 0.9438245296478271], "1BVZ": [-0.7916513919830322, 0.6438245296478271], "1BWI": [-0.6916513919830322, 0.5438245296478271], "1BW0": [-0.5916513919830322, 0.2438245296478271]}