{"1BGY": [-242.06683349609375, 14.667637825012207], "3HMX": [32.39943313598633, -49.18032455444336], "1CYO": [-71.0675048828125, -248.16763305664062], "6PP9": [28.06589126586914, 34.80180740356445], "1FSD": [-242.06683349609375, 14.667637825012207], "1C3W": [113.86900329589844, -69.9552993774414], "3PL9": [-62.07557678222656, -153.32545471191406], "6CQ2": [167.16932678222656, 307.7130432128906], "1XIO": [85.05208587646484, -77.98344421386719], "2HDI": [-1.013246774673462, 98.50624084472656], "1MBA": [44.6520714759826660, 43.8183711171150208], "1MK8": [52.3474681377410889, 34.2736707031726837], "1MKR": [63.1918807327747345, 22.6474626064300537], "1MKS": [72.0486553907394409, 45.2252345085144043], "1MKT": [25.183246612548828, 24.20767572522163391], "1MKU": [42.1659324169158936, 43.5414192676544189], "1V68": [33.4584255218505859, 24.8069569468498230], "1V6V": [73.167082309722900, 14.1978490948677063], "1V74": [53.7629714012145996, 31.0631383657455444], "1V75": [63.3214197158813477, 23.2767812013626099], "1VXF": [44.2626593112945557, 22.5553513169288635], "1VXG": [55.146485090255737, 43.50756341218948364], "1VXH": [24.937052607536316, 35.09939467906951904], "1VXI": [33.622062325477600, 34.42702147364616394], "2H42": [42.4370833635330200, 25.6847702860832214], "2I4O": [24.4686627388000489, 14.29324546456336975], "2I58": [33.179893970489502, 15.3334996700286865], "2I59": [44.179893970489502, 33.3334996700286865], "2I5K": [25.9474599361419678, 43.7001876831054688], "2I5N": [32.3834834694862366, 24.3507607281208038], "2I5O": [43.7095708251, 35.6846830844], "2I5P": [54.2626593112945557, 44.5553513169288635], "2I5U": [35.622062325477600, 13.42702147364616394], "2I5V": [63.179893970489502, 22.3334996700286865], "2I5W": [34.179893970489502, 25.3334996700286865], "2ZHV": [23.9474599361419678, 32.7001876831054688], "3AAO": [55.9474599361419678, 13.7001876831054688], "3AAP": [24.2626593112945557, 44.5553513169288635], "3AAQ": [33.3214197158813477, 25.2767812013626099], "3AAR": [45.1659324169158936, 33.5414192676544189], "3AAU": [53.4584255218505859, 14.8069569468498230], "3AAV": [44.6520714759826660, 23.8183711171150208], "3AAX": [63.167082309722900, 34.1978490948677063]}