{"1BGY": [-5.699156761169434, -5.492823600769043], "3HMX": [-3.2581660747528076, -18.057477951049805], "1CYO": [13.98198127746582, -12.165834426879883], "6PP9": [3.7170639038085938, 0.2921512722969055], "1FSD": [17.419696807861328, 3.45076584815979], "1C3W": [41.53740692138672, 13.782901763916016], "3PL9": [-15.542131423950195, 27.61841583251953], "6CQ2": [-9.058541297912598, -6.405304908752441], "1XIO": [-9.860709190368652, 11.468536376953125], "2HDI": [-4.023998260498047, 11.743733406066895], "1MBA": [-8.256642341613770, -1.6474626064300537], "1MK8": [-7.474599361419678, -0.7001876831054688], "1MKR": [-6.834834694862366, -0.5507607281208038], "1MKS": [-9.095708251, -0.8846830844], "1MKT": [-6.6626593112945557, -0.9553513169288635], "1MKU": [-8.622062325477600, -1.42702147364616394], "1V68": [-9.179893970489502, -1.8334996700286865], "1V6V": [-9.179893970489502, -1.3334996700286865], "1V74": [-6.9474599361419678, -1.0001876831054688], "1V75": [-7.3834834694862366, -1.3507607281208038], "1VXF": [-8.095708251, -0.6846830844], "1VXG": [-7.2626593112945557, -1.0553513169288635], "1VXH": [-6.622062325477600, -1.8702147364616394], "1VXI": [-8.179893970489502, -1.0334996700286865], "2H42": [-8.179893970489502, -1.6334996700286865], "2I4O": [-7.9474599361419678, -0.6001876831054688], "2I58": [-6.3834834694862366, -1.3507607281208038], "2I59": [-8.095708251, -1.9846830844], "2I5K": [-7.2626593112945557, -1.8553513169288635], "2I5N": [-7.622062325477600, -0.92702147364616394], "2I5O": [-8.179893970489502, -1.0334996700286865], "2I5P": [-5.179893970489502, -1.6334996700286865], "2I5U": [-6.9474599361419678, -1.3001876831054688], "2I5V": [-7.3834834694862366, -1.3507607281208038], "2I5W": [-6.095708251, -1.8846830844], "2ZHV": [-7.2626593112945557, -1.0553513169288635], "3AAO": [-8.622062325477600, -0.42702147364616394], "3AAP": [-8.179893970489502, -0.9334996700286865], "3AAQ": [-8.179893970489502, -1.8334996700286865], "3AAR": [-7.9474599361419678, -0.7001876831054688], "3AAU": [-7.3834834694862366, -0.8507607281208038], "3AAV": [-9.095708251, -0.6846830844], "3AAX": [-7.2626593112945557, -0.8553513169288635]}