{"1BGY": [-1.297615647315979, -0.2381916493177414], "3HMX": [-0.46568548679351807, 7.222105026245117], "1CYO": [5.258177757263184, 4.664368629455566], "6PP9": [5.345376968383789, -3.3870389461517334], "1FSD": [-9.465688705444336, -4.844563007354736], "1C3W": [-4.052814960479736, -7.926072120666504], "3PL9": [-3.271987199783325, -4.597925662994385], "6CQ2": [-1.0082868337631226, 3.3498382568359375], "1XIO": [-3.3664355278015137, -8.101325988769531], "2HDI": [3.270428419113159, 5.148096084594727], "1MBA": [4.6520714759826660, 3.8183711171150208], "1MK8": [2.3474681377410889, 4.2736707031726837], "1MKR": [3.1918807327747345, 2.6474626064300537], "1MKS": [2.0486553907394409, 5.2252345085144043], "1MKT": [5.183246612548828, 4.20767572522163391], "1MKU": [2.1659324169158936, 3.5414192676544189], "1V68": [3.4584255218505859, 4.8069569468498230], "1V6V": [3.167082309722900, 4.1978490948677063], "1V74": [3.7629714012145996, 1.0631383657455444], "1V75": [3.3214197158813477, 3.2767812013626099], "1VXF": [4.2626593112945557, 2.5553513169288635], "1VXG": [5.146485090255737, 3.50756341218948364], "1VXH": [4.937052607536316, 5.09939467906951904], "1VXI": [3.622062325477600, 4.42702147364616394], "2H42": [2.4370833635330200, 5.6847702860832214], "2I4O": [4.4686627388000489, 4.29324546456336975], "2I58": [3.179893970489502, 5.3334996700286865], "2I59": [4.179893970489502, 3.3334996700286865], "2I5K": [5.9474599361419678, 3.7001876831054688], "2I5N": [2.3834834694862366, 4.3507607281208038], "2I5O": [3.7095708251, 5.6846830844], "2I5P": [4.2626593112945557, 4.5553513169288635], "2I5U": [5.622062325477600, 3.42702147364616394], "2I5V": [3.179893970489502, 2.3334996700286865], "2I5W": [4.179893970489502, 5.3334996700286865], "2ZHV": [3.9474599361419678, 2.7001876831054688], "3AAO": [5.9474599361419678, 3.7001876831054688], "3AAP": [4.2626593112945557, 4.5553513169288635], "3AAQ": [3.3214197158813477, 5.2767812013626099], "3AAR": [5.1659324169158936, 3.5414192676544189], "3AAU": [3.4584255218505859, 4.8069569468498230], "3AAV": [4.6520714759826660, 3.8183711171150208], "3AAX": [3.167082309722900, 4.1978490948677063]}