{"1BGY": [0.9737507104873657, 0.6053365468978882], "3HMX": [-1.810796856880188, 5.970577716827393], "1CYO": [-6.660257339477539, 2.8587260246276855], "6PP9": [-4.503437042236328, -0.5207833051681519], "1FSD": [-7.4043684005737305, -3.1624395847320557], "1C3W": [-0.9225178360939026, -6.090484619140625], "3PL9": [0.46031153202056885, -2.9233999252319336], "6CQ2": [1.837501049041748, 1.2211793661117554], "1XIO": [-1.279360055923462, -5.434849262237549], "2HDI": [2.29122257232666, -2.2636804580688477], "1MBA": [0.6520714759826660, -0.8183711171150208], "1MK8": [1.3474681377410889, -0.2736707031726837], "1MKR": [0.1918807327747345, -2.6474626064300537], "1MKS": [1.0486553907394409, -1.2252345085144043], "1MKT": [5.183246612548828, 0.20767572522163391], "1MKU": [3.1659324169158936, -1.5414192676544189], "1V68": [1.4584255218505859, 0.48069569468498230], "1V6V": [3.167082309722900, 0.1978490948677063], "1V74": [1.7629714012145996, -1.0631383657455444], "1V75": [2.3214197158813477, -1.2767812013626099], "1VXF": [1.2626593112945557, -0.5553513169288635], "1VXG": [2.146485090255737, -0.50756341218948364], "1VXH": [1.937052607536316, -0.09939467906951904], "1VXI": [1.622062325477600, -0.42702147364616394], "2H42": [0.4370833635330200, -0.6847702860832214], "2I4O": [4.4686627388000489, -0.29324546456336975], "2I58": [2.179893970489502, -1.3334996700286865], "2I59": [2.179893970489502, -1.3334996700286865], "2I5K": [0.9474599361419678, -1.7001876831054688], "2I5N": [0.3834834694862366, -0.3507607281208038], "2I5O": [0.7095708251, -0.6846830844], "2I5P": [1.2626593112945557, -0.5553513169288635], "2I5U": [1.622062325477600, -0.42702147364616394], "2I5V": [2.179893970489502, -1.3334996700286865], "2I5W": [2.179893970489502, -1.3334996700286865], "2ZHV": [0.9474599361419678, -1.7001876831054688], "3AAO": [0.9474599361419678, -1.7001876831054688], "3AAP": [1.2626593112945557, -0.5553513169288635], "3AAQ": [2.3214197158813477, -1.2767812013626099], "3AAR": [3.1659324169158936, -1.5414192676544189], "3AAU": [1.4584255218505859, 0.48069569468498230], "3AAV": [0.6520714759826660, -0.8183711171150208], "3AAX": [3.167082309722900, 0.1978490948677063]}